-- MySQL dump 10.13  Distrib 8.0.29, for Linux (x86_64)
--
-- Host: fransiskuspastoriko.mysql.pythonanywhere-services.com    Database: fransiskuspastor$KotlandQuizApp
-- ------------------------------------------------------
-- Server version	8.0.33

/*!40101 SET @OLD_CHARACTER_SET_CLIENT=@@CHARACTER_SET_CLIENT */;
/*!40101 SET @OLD_CHARACTER_SET_RESULTS=@@CHARACTER_SET_RESULTS */;
/*!40101 SET @OLD_COLLATION_CONNECTION=@@COLLATION_CONNECTION */;
/*!50503 SET NAMES utf8mb4 */;
/*!40103 SET @OLD_TIME_ZONE=@@TIME_ZONE */;
/*!40103 SET TIME_ZONE='+00:00' */;
/*!40014 SET @OLD_UNIQUE_CHECKS=@@UNIQUE_CHECKS, UNIQUE_CHECKS=0 */;
/*!40014 SET @OLD_FOREIGN_KEY_CHECKS=@@FOREIGN_KEY_CHECKS, FOREIGN_KEY_CHECKS=0 */;
/*!40101 SET @OLD_SQL_MODE=@@SQL_MODE, SQL_MODE='NO_AUTO_VALUE_ON_ZERO' */;
/*!40111 SET @OLD_SQL_NOTES=@@SQL_NOTES, SQL_NOTES=0 */;

--
-- Table structure for table `question`
--

DROP TABLE IF EXISTS `question`;
/*!40101 SET @saved_cs_client     = @@character_set_client */;
/*!50503 SET character_set_client = utf8mb4 */;
CREATE TABLE `question` (
  `id` int NOT NULL AUTO_INCREMENT,
  `question` text,
  `option1` varchar(255) DEFAULT NULL,
  `option2` varchar(255) DEFAULT NULL,
  `option3` varchar(255) DEFAULT NULL,
  `option4` varchar(255) DEFAULT NULL,
  PRIMARY KEY (`id`)
) ENGINE=InnoDB AUTO_INCREMENT=149 DEFAULT CHARSET=utf8mb3;
/*!40101 SET character_set_client = @saved_cs_client */;

--
-- Dumping data for table `question`
--

LOCK TABLES `question` WRITE;
/*!40000 ALTER TABLE `question` DISABLE KEYS */;
INSERT INTO `question` VALUES (1,'What is the primary purpose of Artificial Intelligence?','Automating tasks','Cooking recipes','Playing video games','Drawing pictures'),(2,'Which library is commonly used for machine learning in Python?','TensorFlow','Matplotlib','Django','Flask'),(3,'What does the acronym \"AI\" stand for?','Artificial Intelligence','Advanced Interface','Automated Interaction','Analog Input'),(4,'In Python, what does the \"import pandas as pd\" statement do?','Imports the pandas library with an alias \"pd\"','Imports the pd module','Creates a new pandas instance','Deletes the pandas library'),(5,'Which programming paradigm is commonly used in AI development?','Object-Oriented Programming (OOP)','Functional Programming','Procedural Programming','Logic Programming'),(6,'What is the purpose of the \"if __name__ == \"__main__\":\" statement in a Python script?','Executes code only if the script is run directly','Checks if the script has a name','Defines a main function','Excludes code from execution'),(7,'Which of the following is a supervised learning algorithm?','Linear Regression','K-Means Clustering','Principal Component Analysis (PCA)','Apriori Algorithm'),(8,'What is the purpose of the \"pickle\" module in Python?','Serializing and deserializing objects','Picking random values','Sorting lists','Working with pickles'),(9,'Which Python data structure is used for implementing a queue?','Queue','Stack','List','Tuple'),(10,'What is the primary function of the \"NumPy\" library in AI development?','Numerical operations and array handling','Text processing','Web development','Graphics rendering'),(11,'What is the purpose of the \"try\" and \"except\" blocks in Python?','Handling exceptions','Defining a function','Importing modules','Creating loops'),(12,'Which algorithm is commonly used for image classification?','Convolutional Neural Network (CNN)','K-Nearest Neighbors (KNN)','Decision Tree','Support Vector Machine (SVM)'),(13,'What is the primary use of the \"Matplotlib\" library in AI development?','Data visualization','Database management','Networking','User interface design'),(14,'Which Python library is commonly used for natural language processing (NLP)?','NLTK','PyQt','Requests','Beautiful Soup'),(15,'What does the term \"overfitting\" mean in the context of machine learning?','Model performs well on training data but poorly on new data','Model performs well on all data','Model is too simple','Model is too complex'),(16,'In Python, what is the purpose of the \"virtual environment\"?','Isolating project dependencies','Creating virtual machines','Managing hardware resources','Simulating AI environments'),(17,'Which type of machine learning is characterized by the absence of explicit programming?','Unsupervised Learning','Reinforcement Learning','Supervised Learning','Semi-Supervised Learning'),(18,'What is the purpose of the \"gradient descent\" algorithm in machine learning?','Optimizing model parameters','Creating gradients in images','Sorting data','Calculating distances between points'),(19,'Which Python framework is commonly used for web development in AI projects?','Django','Flask','Pyramid','Bottle'),(20,'What is the purpose of the \"dropout\" layer in neural networks?','Preventing overfitting','Increasing model complexity','Reducing learning rate','Improving convergence speed'),(21,'Which algorithm is commonly used for clustering in unsupervised learning?','K-Means','Random Forest','Linear Regression','Naive Bayes'),(22,'What is the role of the \"sigmoid\" activation function in neural networks?','Outputting probabilities between 0 and 1','Classifying images','Performing matrix multiplication','Normalizing data'),(23,'Which technique is used to preprocess text data in natural language processing (NLP)?','Tokenization','Matrix multiplication','Gradient descent','Random sampling'),(24,'What is the purpose of the \"RNN\" (Recurrent Neural Network) in deep learning?','Handling sequential data','Image classification','Speech recognition','Regression analysis'),(25,'In reinforcement learning, what does the term \"reward\" represent?','Positive feedback for an action','Penalty for an action','Probability of an action','Time taken for an action'),(26,'Which Python library is commonly used for computer vision tasks?','OpenCV','Pandas','Scikit-learn','Seaborn'),(27,'What does the term \"hyperparameter\" refer to in machine learning?','Parameters set before training','Parameters learned during training','Parameters for validation','Parameters for testing'),(28,'Which technique is used for handling imbalanced datasets in classification problems?','SMOTE (Synthetic Minority Over-sampling Technique)','Principal Component Analysis (PCA)','Gradient Boosting','K-Means Clustering'),(29,'What is the purpose of the \"softmax\" activation function in the output layer of a neural network?','Calculating probabilities for multiple classes','Handling binary classification','Normalizing input data','Applying regularization'),(30,'Which Python module is used for web scraping in AI projects?','Beautiful Soup','Requests','Flask','Django'),(31,'What is the significance of the \"ELU\" (Exponential Linear Unit) activation function in neural networks?','Avoiding vanishing gradient problem','Enabling faster convergence','Reducing model size','Enhancing interpretability'),(32,'Which technique is used for reducing the dimensionality of data?','Principal Component Analysis (PCA)','K-Nearest Neighbors (KNN)','Random Forest','Linear Regression'),(33,'What is the purpose of the \"bagging\" technique in ensemble learning?','Reducing overfitting','Increasing model complexity','Decreasing training time','Handling missing data'),(34,'Which Python library is commonly used for natural language processing (NLP) besides NLTK?','Spacy','PyTorch','Scrapy','SymPy'),(35,'What does the term \"transfer learning\" mean in the context of machine learning?','Using pre-trained models for new tasks','Moving data between servers','Changing learning rates during training','Transferring data to external devices'),(36,'In reinforcement learning, what is the role of the \"policy\"?','Strategy for selecting actions','Measuring model accuracy','Determining learning rate','Handling missing data'),(37,'What is the purpose of the \"Adam\" optimizer in training neural networks?','Optimizing gradient descent','Generating random weights','Visualizing data','Calculating confusion matrices'),(38,'Which technique is used for handling missing data in machine learning datasets?','Imputation','Extrapolation','Interpolation','Regularization'),(39,'What is the role of the \"Batch Normalization\" layer in neural networks?','Stabilizing and accelerating training','Randomizing input data','Handling outliers','Shuffling training batches'),(40,'What is the purpose of the \"Word Embedding\" technique in natural language processing (NLP)?','Representing words as vectors in a continuous space','Encrypting text data','Counting word occurrences','Sorting words alphabetically'),(41,'In machine learning, what does the term \"bias\" refer to?','Systematic error introduced during model training','Random error in data','Uncertainty in predictions','Complexity of the model'),(42,'Which algorithm is commonly used for anomaly detection in unsupervised learning?','Isolation Forest','Linear Regression','K-Means','Decision Trees'),(43,'What is the primary use of the \"Gaussian Naive Bayes\" algorithm?','Classification based on Bayes\' theorem','Clustering data points','Regression analysis','Dimensionality reduction'),(44,'Which Python library is commonly used for deep learning besides TensorFlow and PyTorch?','Keras','Pandas','NumPy','Scikit-learn'),(45,'What is the purpose of the \"LSTM\" (Long Short-Term Memory) layer in recurrent neural networks?','Capturing long-term dependencies in sequential data','Handling image classification','Applying convolution operations','Reducing model size'),(46,'Which technique is used for data augmentation in image processing for machine learning?','Rotating, flipping, and zooming images','Encrypting image files','Normalizing pixel values','Compressing image data'),(47,'What is the role of the \"confusion matrix\" in evaluating classification models?','Summarizing the performance of a classification algorithm','Displaying image data','Applying regularization','Creating neural network layers'),(48,'Which method is used for splitting a dataset into training and testing sets in machine learning?','Train-test split','Data fusion','Feature scaling','Data imputation'),(49,'What does the term \"backpropagation\" refer to in neural networks?','Training the network by adjusting weights based on the error','Forward pass of data through the network','Applying dropout to layers','Initializing network weights randomly'),(50,'In reinforcement learning, what is the purpose of the \"exploration-exploitation\" dilemma?','Balancing between trying new actions and choosing known actions','Optimizing the exploration process','Minimizing the reward function','Avoiding overfitting'),(51,'What is the primary role of the \"Docker\" platform in AI development?','Containerization of applications for easy deployment','Creating virtual machines','Handling big data processing','Optimizing GPU utilization'),(52,'Which Python library is commonly used for hyperparameter tuning in machine learning models?','GridSearchCV','RandomSearchCV','Scikit-learn','Pandas'),(53,'What is the purpose of the \"HMM\" (Hidden Markov Model) in machine learning?','Modeling sequences with hidden states','Clustering data points','Calculating distances between points','Performing dimensionality reduction'),(54,'Which method is used for preventing collinearity in linear regression models?','VIF (Variance Inflation Factor)','PCA (Principal Component Analysis)','RNN (Recurrent Neural Network)','K-Means Clustering'),(55,'What does the term \"ensemble learning\" mean in machine learning?','Combining multiple models for improved performance','Creating isolated models','Applying dropout to layers','Optimizing gradient descent'),(56,'In natural language processing (NLP), what is the purpose of the \"stemming\" process?','Reducing words to their base or root form','Increasing word complexity','Randomizing word order','Translating words between languages'),(57,'Which algorithm is commonly used for time series forecasting?','ARIMA (AutoRegressive Integrated Moving Average)','SVM (Support Vector Machine)','K-Nearest Neighbors (KNN)','Decision Trees'),(58,'What is the significance of the \"ReLU\" (Rectified Linear Unit) activation function in neural networks?','Introducing non-linearity to the model','Normalizing input data','Reducing learning rate','Enhancing interpretability'),(59,'What is the purpose of the \"F1 score\" in evaluating classification models?','Harmonic mean of precision and recall','Accuracy measure','Area under the ROC curve','Mean squared error'),(60,'Which technique is commonly used for feature scaling in machine learning?','Standardization','Normalization','Bucketing','Aggregation'),(61,'What is the primary use of the \"XGBoost\" algorithm in machine learning?','Boosting for better model performance','Dimensionality reduction','K-Means Clustering','Image segmentation'),(62,'Which method is used for handling imbalanced datasets in classification problems besides SMOTE?','Random under-sampling','Feature scaling','Gradient boosting','Principal Component Analysis (PCA)'),(63,'In deep learning, what is the role of the \"Dropout\" layer?','Preventing overfitting by randomly dropping neurons during training','Increasing model complexity','Applying data augmentation','Normalizing input data'),(64,'What does the term \"one-hot encoding\" refer to in machine learning?','Representing categorical variables as binary vectors','Encoding numerical variables','Data compression technique','Feature scaling method'),(65,'Which Python library is commonly used for natural language processing (NLP) and sentiment analysis?','NLTK','TextBlob','Scikit-learn','Gensim'),(66,'What is the purpose of the \"K-fold cross-validation\" technique in model evaluation?','Evaluating model performance using multiple train-test splits','Visualizing data in k-dimensional space','Applying k-means clustering','Balancing imbalanced datasets'),(67,'Which method is commonly used for handling outliers in a dataset?','IQR (Interquartile Range)','Z-score normalization','ANOVA (Analysis of Variance)','Pearson correlation coefficient'),(68,'What is the primary use of the \"SVM\" (Support Vector Machine) algorithm?','Binary classification and regression tasks','Natural language processing','Clustering data points','Dimensionality reduction'),(69,'In natural language processing (NLP), what does the term \"POS tagging\" stand for?','Part-of-Speech tagging','Probability of Success tagging','Positional Order of Sentences tagging','Perceptual Object Segmentation tagging'),(70,'What is the purpose of the \"GridSearchCV\" in hyperparameter tuning?','Exhaustively searching through a specified hyperparameter grid','Creating grid plots for data visualization','Performing cross-validation','Optimizing GPU utilization'),(71,'Which Python library is commonly used for data visualization in machine learning projects?','Seaborn','Pandas','Matplotlib','Scikit-learn'),(72,'What is the role of the \"t-SNE\" (t-Distributed Stochastic Neighbor Embedding) algorithm?','Dimensionality reduction for visualization','Gradient boosting for regression','Image classification','Natural language processing'),(73,'Which technique is commonly used for handling missing categorical data in machine learning?','Mode imputation','Mean imputation','Random forest imputation','K-Means clustering'),(74,'What is the primary purpose of the \"Neural Style Transfer\" technique in deep learning?','Applying the artistic style of one image to another','Image segmentation','Object detection','Speech recognition'),(75,'In machine learning, what is the purpose of the \"L1 regularization\"?','Encouraging sparsity in model weights','Avoiding overfitting','Increasing learning rate','Balancing class weights'),(76,'What is the significance of the \"Precision-Recall curve\" in model evaluation?','Visualizing the trade-off between precision and recall','Plotting the ROC curve','Measuring accuracy','Optimizing learning rate'),(77,'Which Python library is commonly used for handling time series data in machine learning?','Pandas','Numpy','Scikit-learn','Statsmodels'),(78,'What is the purpose of the \"ReLU\" (Rectified Linear Unit) activation function in neural networks?','Introducing non-linearity to the model','Normalizing input data','Reducing learning rate','Enhancing interpretability'),(79,'Which technique is commonly used for feature selection in machine learning?','Recursive Feature Elimination (RFE)','Random Forest','Naive Bayes','Gradient Descent'),(80,'What does the term \"bag-of-words\" represent in natural language processing (NLP)?','Representation of text as an unordered set of words','Sequential ordering of words in a document','Encryption of text data','Counting occurrences of specific words'),(81,'Which Python library is commonly used for deep learning besides TensorFlow, PyTorch, and Keras?','MXNet','Seaborn','Pandas','Scikit-learn'),(82,'What is the primary use of the \"Sigmoid\" activation function in the output layer of a binary classification model?','Outputting probabilities between 0 and 1','Handling multiple classes','Applying regularization','Introducing non-linearity to the model'),(83,'In machine learning, what does the term \"ensemble learning\" refer to?','Combining multiple models for improved performance','Creating isolated models','Applying dropout to layers','Optimizing gradient descent'),(84,'What is the significance of the \"LSTM\" (Long Short-Term Memory) layer in recurrent neural networks?','Capturing long-term dependencies in sequential data','Handling image classification','Applying convolution operations','Reducing model size'),(85,'Which method is used for handling class imbalance in a binary classification problem?','Synthetic Minority Over-sampling Technique (SMOTE)','Principal Component Analysis (PCA)','K-Means Clustering','Random under-sampling'),(86,'What does the term \"word vector\" represent in natural language processing (NLP)?','Numeric representation of words in a continuous vector space','Binary encoding of words','Total count of words in a document','Sequential ordering of words in a sentence'),(87,'Which technique is commonly used for image segmentation in computer vision?','Mask R-CNN','K-Nearest Neighbors (KNN)','Decision Trees','Support Vector Machine (SVM)'),(88,'What is the primary role of the \"Dropout\" regularization technique in neural networks?','Preventing overfitting by randomly dropping neurons during training','Increasing model complexity','Applying data augmentation','Normalizing input data'),(89,'In reinforcement learning, what does the term \"environment\" refer to?','The external system or process with which the agent interacts','The loss function used during training','The neural network architecture','The output layer of the neural network'),(90,'Which method is commonly used for handling missing numerical data in machine learning?','Mean imputation','Mode imputation','Random Forest imputation','K-Means Clustering'),(91,'What is the purpose of the \"HashingVectorizer\" in natural language processing (NLP)?','Vectorizing text data efficiently using hash functions','Converting text to lowercase','Calculating word frequencies','Tokenizing sentences'),(92,'Which Python library is commonly used for reinforcement learning?','OpenAI Gym','Beautiful Soup','SymPy','Flask'),(93,'What is the role of the \"Keras Tuner\" library in machine learning?','Hyperparameter tuning for Keras models','Data visualization','Web development with Flask','Text processing with NLTK'),(94,'Which algorithm is commonly used for document clustering in natural language processing (NLP)?','K-Means','Linear Regression','Decision Trees','SVM (Support Vector Machine)'),(95,'What does the term \"gradient descent\" refer to in machine learning?','Optimization algorithm for finding the minimum of a function','Algorithm for clustering data points','Encoding text data','Regularization technique for neural networks'),(96,'In machine learning, what is the purpose of the \"Poisson distribution\"?','Modeling the number of events occurring in fixed intervals of time or space','Measuring central tendency of data','Calculating distances between data points','Image segmentation'),(97,'Which Python library is commonly used for natural language processing (NLP) besides NLTK and SpaCy?','Transformers','PyQt','Requests','Django'),(98,'What is the purpose of the \"tanh\" activation function in neural networks?','Squashing input values to the range [-1, 1]','Introducing non-linearity to the model','Outputting probabilities between 0 and 1','Handling binary classification'),(99,'Which technique is commonly used for data augmentation in image processing?','Rotating, flipping, and zooming images','Standardization','Normalization','Histogram equalization'),(100,'What is the significance of the \"precision\" metric in classification models?','Proportion of true positive predictions among all positive predictions','Overall accuracy of the model','Rate of correctly predicted negatives','Trade-off between false positives and false negatives'),(101,'Which Python library is commonly used for time series analysis?','Statsmodels','PyTorch','Scrapy','SymPy'),(102,'What is the purpose of the \"word2vec\" model in natural language processing (NLP)?','Learning word embeddings from large text corpora','Tokenizing sentences','Removing stop words from text data','Encoding text using hash functions'),(103,'Which technique is commonly used for handling multicollinearity in regression models?','VIF (Variance Inflation Factor)','ANOVA (Analysis of Variance)','LSTM (Long Short-Term Memory)','Decision Trees'),(104,'What does the term \"overfitting\" mean in machine learning?','Model performs well on training data but poorly on new data','Model performs well on all data','Model is too simple','Model is too complex'),(105,'In natural language processing (NLP), what is the purpose of the \"TF-IDF\" (Term Frequency-Inverse Document Frequency) representation?','Quantifying the importance of words in a document','Classifying images','Handling missing data','Optimizing hyperparameters'),(106,'Which Python library is commonly used for hyperparameter optimization in machine learning?','Optuna','TensorFlow','Matplotlib','Flask'),(107,'What is the primary use of the \"GPT\" (Generative Pre-trained Transformer) model in natural language processing?','Generating human-like text based on context','Image classification','Speech recognition','Clustering data points'),(108,'Which technique is commonly used for dimensionality reduction in machine learning?','PCA (Principal Component Analysis)','K-Means Clustering','Random Forest','SVM (Support Vector Machine)'),(109,'What is the purpose of the \"Batch Normalization\" layer in neural networks?','Stabilizing and accelerating training','Randomizing input data','Handling outliers','Shuffling training batches'),(110,'Which Python library is commonly used for web development in AI projects?','Django','Flask','Pyramid','Bottle'),(111,'What is the primary function of the \"NumPy\" library in AI development?','Numerical operations and array handling','Text processing','Web development','Graphics rendering'),(112,'Which Python module is used for web scraping in AI projects?','Beautiful Soup','Requests','Flask','Django'),(113,'What is the purpose of the \"pickle\" module in Python?','Serializing and deserializing objects','Picking random values','Sorting lists','Working with pickles'),(114,'Which type of machine learning is characterized by the absence of explicit programming?','Unsupervised Learning','Reinforcement Learning','Supervised Learning','Semi-Supervised Learning'),(115,'What is the purpose of the \"Matplotlib\" library in AI development?','Data visualization','Database management','Networking','User interface design'),(116,'Which Python library is commonly used for natural language processing (NLP)?','NLTK','PyQt','Requests','Beautiful Soup'),(117,'What does the term \"overfitting\" mean in the context of machine learning?','Model performs well on training data but poorly on new data','Model performs well on all data','Model is too simple','Model is too complex'),(118,'In Python, what is the purpose of the \"virtual environment\"?','Isolating project dependencies','Creating virtual machines','Managing hardware resources','Simulating AI environments'),(119,'What is the primary use of the \"K-Nearest Neighbors\" algorithm in machine learning?','Classification and regression based on proximity to data points','Data visualization','Feature extraction','Model optimization'),(120,'Which Python library is commonly used for natural language processing (NLP) besides NLTK and SpaCy?','Transformers','Flask','SymPy','Django'),(121,'What is the role of the \"Cross-Entropy Loss\" in training neural networks?','Measuring the difference between predicted and actual probability distributions','Randomizing input data','Calculating gradients for backpropagation','Normalizing input data'),(122,'Which technique is commonly used for dimensionality reduction in machine learning?','PCA (Principal Component Analysis)','Random Forest','K-Means Clustering','SVM (Support Vector Machine)'),(123,'What is the purpose of the \"Adam\" optimizer in training neural networks?','Optimizing gradient descent','Creating random weights','Visualizing data','Calculating confusion matrices'),(124,'Which Python library is commonly used for data visualization in machine learning?','Matplotlib','TensorFlow','PyTorch','Scikit-learn'),(125,'What is the significance of the \"Precision-Recall curve\" in model evaluation?','Visualizing the trade-off between precision and recall','Plotting the ROC curve','Measuring accuracy','Optimizing learning rate'),(126,'In machine learning, what is the purpose of the \"Bagging\" technique in ensemble learning?','Reducing overfitting by averaging predictions from multiple models','Increasing learning rate','Optimizing the loss function','Normalizing input data'),(127,'Which method is commonly used for text preprocessing in natural language processing (NLP)?','Tokenization','Data normalization','Mean imputation','Dimensionality reduction'),(128,'What is the primary use of the \"Naive Bayes\" algorithm in machine learning?','Text classification and spam filtering','Image segmentation','Clustering data points','Regression analysis'),(129,'Which Python library is commonly used for reinforcement learning?','OpenAI Gym','Beautiful Soup','Flask','SymPy'),(130,'What does the term \"TF-IDF\" (Term Frequency-Inverse Document Frequency) stand for in natural language processing (NLP)?','Quantifying the importance of words in a document','Calculating the ratio of true positives to false positives','Encoding text data','Normalizing input data'),(131,'Which technique is commonly used for handling imbalanced datasets in classification problems?','SMOTE (Synthetic Minority Over-sampling Technique)','K-Nearest Neighbors','Principal Component Analysis (PCA)','Random under-sampling'),(132,'What is the purpose of the \"Word Embedding\" technique in natural language processing (NLP)?','Representing words as vectors in a continuous space','Encoding text data using hash functions','Calculating word frequencies','Sorting words alphabetically'),(133,'Which algorithm is commonly used for anomaly detection in unsupervised learning?','Isolation Forest','Linear Regression','K-Means Clustering','Decision Trees'),(134,'What is the primary role of the \"Batch Normalization\" layer in neural networks?','Stabilizing and accelerating training','Randomizing input data','Handling outliers','Shuffling training batches'),(135,'Which Python library is commonly used for hyperparameter tuning in machine learning models?','GridSearchCV','RandomSearchCV','Scikit-learn','Pandas'),(136,'What does the term \"word2vec\" represent in natural language processing (NLP)?','Learning word embeddings from large text corpora','Randomizing word order','Creating word clouds','Counting occurrences of specific words'),(137,'In machine learning, what is the purpose of the \"L1 regularization\"?','Encouraging sparsity in model weights','Avoiding overfitting','Increasing learning rate','Balancing class weights'),(138,'Which technique is commonly used for image classification?','Convolutional Neural Networks (CNN)','K-Means Clustering','Decision Trees','Support Vector Machine (SVM)'),(139,'What is the purpose of the \"Gaussian Naive Bayes\" algorithm?','Classification based on Bayes\' theorem','Regression analysis','Clustering data points','Dimensionality reduction'),(140,'Which Python library is commonly used for natural language processing (NLP) and sentiment analysis?','NLTK','TextBlob','Scikit-learn','Gensim'),(141,'What is the role of the \"confusion matrix\" in evaluating classification models?','Summarizing the performance of a classification algorithm','Displaying image data','Applying regularization','Creating neural network layers'),(142,'Which algorithm is commonly used for time series forecasting?','ARIMA (AutoRegressive Integrated Moving Average)','SVM (Support Vector Machine)','K-Nearest Neighbors (KNN)','Decision Trees'),(143,'What is the primary use of the \"GPT\" (Generative Pre-trained Transformer) model in natural language processing?','Generating human-like text based on context','Image classification','Speech recognition','Clustering data points'),(144,'Which Python library is commonly used for web development in AI projects?','Django','Flask','Pyramid','Bottle'),(145,'What is the purpose of the \"pickle\" module in Python?','Serializing and deserializing objects','Sorting lists','Picking random values','Working with pickles'),(146,'Which method is commonly used for handling outliers in a dataset?','IQR (Interquartile Range)','Z-score normalization','ANOVA (Analysis of Variance)','Pearson correlation coefficient'),(147,'In natural language processing (NLP), what is the purpose of the \"stemming\" process?','Reducing words to their base or root form','Increasing word complexity','Randomizing word order','Translating words between languages'),(148,'What is the primary purpose of the \"Neural Style Transfer\" technique in deep learning?','Applying the artistic style of one image to another','Image segmentation','Object detection','Speech recognition');
/*!40000 ALTER TABLE `question` ENABLE KEYS */;
UNLOCK TABLES;

--
-- Table structure for table `register`
--

DROP TABLE IF EXISTS `register`;
/*!40101 SET @saved_cs_client     = @@character_set_client */;
/*!50503 SET character_set_client = utf8mb4 */;
CREATE TABLE `register` (
  `username` varchar(255) DEFAULT NULL,
  `password` varchar(255) DEFAULT NULL
) ENGINE=InnoDB DEFAULT CHARSET=utf8mb3;
/*!40101 SET character_set_client = @saved_cs_client */;

--
-- Dumping data for table `register`
--

LOCK TABLES `register` WRITE;
/*!40000 ALTER TABLE `register` DISABLE KEYS */;
INSERT INTO `register` VALUES ('tes','a665a45920422f9d417e4867efdc4fb8a04a1f3fff1fa07e998e86f7f7a27ae3'),('tes2','5994471abb01112afcc18159f6cc74b4f511b99806da59b3caf5a9c173cacfc5'),('riko','03ac674216f3e15c761ee1a5e255f067953623c8b388b4459e13f978d7c846f4'),('rikooooooooooo','a665a45920422f9d417e4867efdc4fb8a04a1f3fff1fa07e998e86f7f7a27ae3'),('riko1','a665a45920422f9d417e4867efdc4fb8a04a1f3fff1fa07e998e86f7f7a27ae3'),('rara','a665a45920422f9d417e4867efdc4fb8a04a1f3fff1fa07e998e86f7f7a27ae3'),('zhr','f969fdbe811d8a66010d6f8973246763147a2a0914afc8087839e29b563a5af0');
/*!40000 ALTER TABLE `register` ENABLE KEYS */;
UNLOCK TABLES;

--
-- Table structure for table `result`
--

DROP TABLE IF EXISTS `result`;
/*!40101 SET @saved_cs_client     = @@character_set_client */;
/*!50503 SET character_set_client = utf8mb4 */;
CREATE TABLE `result` (
  `id` int NOT NULL AUTO_INCREMENT,
  `username` varchar(255) NOT NULL,
  `final_score` int NOT NULL,
  `date` datetime NOT NULL,
  PRIMARY KEY (`id`)
) ENGINE=InnoDB AUTO_INCREMENT=30 DEFAULT CHARSET=utf8mb3;
/*!40101 SET character_set_client = @saved_cs_client */;

--
-- Dumping data for table `result`
--

LOCK TABLES `result` WRITE;
/*!40000 ALTER TABLE `result` DISABLE KEYS */;
INSERT INTO `result` VALUES (1,'tes',1,'2024-01-04 17:37:20'),(2,'tes',5,'2024-01-04 17:39:36'),(3,'tes',5,'2024-01-04 17:40:07'),(4,'tes',10,'2024-01-04 17:44:30'),(5,'tes',5,'2024-01-04 17:47:29'),(6,'tes',0,'2024-01-04 17:48:23'),(7,'tes',5,'2024-01-04 17:49:40'),(8,'tes',5,'2024-01-04 19:11:49'),(9,'tes',0,'2024-01-04 19:12:27'),(10,'tes',0,'2024-01-04 19:12:38'),(11,'tes',0,'2024-01-04 19:12:48'),(12,'tes',10,'2024-01-04 19:13:08'),(13,'tes',5,'2024-01-04 19:14:03'),(14,'tes',5,'2024-01-04 19:14:07'),(15,'tes',5,'2024-01-04 19:14:09'),(16,'tes',5,'2024-01-04 19:14:10'),(17,'tes',5,'2024-01-04 19:14:11'),(18,'tes',5,'2024-01-04 19:14:12'),(19,'tes',5,'2024-01-04 19:14:13'),(20,'tes',25,'2024-01-04 19:31:41'),(21,'tes',0,'2024-01-04 19:41:35'),(22,'riko1',15,'2024-01-04 20:13:03'),(23,'riko1',0,'2024-01-05 03:30:13'),(24,'riko1',5,'2024-01-05 03:37:51'),(25,'rara',20,'2024-01-05 03:41:08'),(26,'zhr',0,'2024-01-05 05:05:39'),(27,'zhr',25,'2024-01-05 05:11:32'),(28,'zhr',0,'2024-01-05 05:13:51'),(29,'zhr',20,'2024-01-05 05:16:31');
/*!40000 ALTER TABLE `result` ENABLE KEYS */;
UNLOCK TABLES;
/*!40103 SET TIME_ZONE=@OLD_TIME_ZONE */;

/*!40101 SET SQL_MODE=@OLD_SQL_MODE */;
/*!40014 SET FOREIGN_KEY_CHECKS=@OLD_FOREIGN_KEY_CHECKS */;
/*!40014 SET UNIQUE_CHECKS=@OLD_UNIQUE_CHECKS */;
/*!40101 SET CHARACTER_SET_CLIENT=@OLD_CHARACTER_SET_CLIENT */;
/*!40101 SET CHARACTER_SET_RESULTS=@OLD_CHARACTER_SET_RESULTS */;
/*!40101 SET COLLATION_CONNECTION=@OLD_COLLATION_CONNECTION */;
/*!40111 SET SQL_NOTES=@OLD_SQL_NOTES */;

-- Dump completed on 2024-01-04 22:36:25
